"hgfhgf@hfg","$2y$10$3Ea4YP4bliAzz6q4x1CazO5UqR9QkNpo6aCQcWPPKLPrSFNIvEoma"
"hgfhgf@hfg.gtr","$2y$10$Xxo4plirBgftI3WdSD2s2.gsb8dHps0.DT9Go6nqSOKihwZvvIjGi"
"sana@san.fr","$2y$10$odQZ1zjUQS4HSlPtIIclgufF5a3AvgZTBeDSRezyGpH1WCJ9b7HHW"
"sana@san.fr","$2y$10$PKkAwvX9Xcp0CDeQ4wSOYe8vw1fFxm/IUXGIqsn/8XZbX/I34IQ3u"
"sana@san.fr","$2y$10$UeqgoVUOqckrvWqRBsUdLuSfTi6nwPPBeCiP4SJmMSHxqJ8HfrV3y"
"sanga@san.fr","$2y$10$fjzAtvCF0J4cHfxK0uDQe.LkxkRafNRO1Mhd.EFGgWi4cxNnQxQTW"
"sanga@san.fr","$2y$10$PFHhEnbfe4oqkr0f9wmIxOfq0arwwabvXCQexXogKVrSjMS0623eS"
"sangalain@san.fr","$2y$10$n.8nKF2FcCkHaNLzRYkT3ua8Wo2AXXYdZdiXzCc35h52XqekaVxXG"
"sangalain@san.fr","$2y$10$Iu6GTdyrWv8.aiZdzywzqOe6y5sOJgvCBDkvYAjdLcNCpcZ7v1yZW"
"sangalain@san.fr","$2y$10$JtZ3SX4V7tTpaeTEmQZcQeqak6u8M2SEG/p6AlYyv8fG53UX44Olu"
"sangalain@san.fr","$2y$10$Ko0XCHmj2xK8EuNC0tRBBO2/gvu3VL.IKZnGn0mV//qKKsXQgzKLO"
"sangalain@sans.fr","$2y$10$i2WlLghVOerSvilz5XFmduxfKcIHxEMXO1lso8f4aLnHxzMCNuahO"
"sangalain@sans.fr","$2y$10$vR6GT59LjFeown6epcXFBuOu3NtyulVx.4R7Eykx4inRT5zR8oZ1K"
"sangalain@sans.fr","$2y$10$2JvKJY5MBYiLq3cDFJpLsuyz0x/4zsrG0iBNn6CipQC/a5wexoUya"
"alain@sans.fr","$2y$10$attuw5zOud94VLDDqgfgduq5rw4GxnGhgszODL55Ln1MXYgpKPB5O"
"roger@sans.fr","$2y$10$IfUDauqZjckEvYPmVsNmUOecjfFmtgtTo/1zNpktV9eutkoYYKdrC"
"roger@sans.fr","$2y$10$4kgIojZXTXApsrifyHUqneagwaXuwL4i.N6gZ5V.oohr7Q6vlpC.y"
"roger@sans.fr","$2y$10$b0/WMitePT01NTtp6SOn7egK6xfOXTtWAU92wU.bTEhfVOA43Ehu2"
"roger@sans.fr","$2y$10$DG7u9GUhvXYZ3PSTi/.bwO7C1zTH/G5IljC2RuYpAFVLCpvSPODFy"
"rogers@sans.fr","$2y$10$ud7PEUBzxZNM3FYki6Aw8OAa/7YLK0FnyWNQOqoWBqF0CMhSesyWu"
"rogers@sans.fr","$2y$10$GES.9UG1RexiQ04YWu2Oue3cuIB5bm3Et0k0svoG.Z/cjZ1y2sDRS"
